<workbook xmlns="http://schemas.openxmlformats.org/spreadsheetml/2006/main"><workbookPr/><workbookProtection/><bookViews><workbookView visibility="visible" minimized="0" showHorizontalScroll="1" showVerticalScroll="1" showSheetTabs="1" tabRatio="600" firstSheet="0" activeTab="0" autoFilterDateGrouping="1"/></bookViews><sheets><sheet xmlns:r="http://schemas.openxmlformats.org/officeDocument/2006/relationships" name="Overview" sheetId="1" state="visible" r:id="rId1"/><sheet xmlns:r="http://schemas.openxmlformats.org/officeDocument/2006/relationships" name="Employees" sheetId="2" state="visible" r:id="rId2"/><sheet xmlns:r="http://schemas.openxmlformats.org/officeDocument/2006/relationships" name="Finance_2024" sheetId="3" state="visible" r:id="rId3"/><sheet xmlns:r="http://schemas.openxmlformats.org/officeDocument/2006/relationships" name="Projects" sheetId="4" state="visible" r:id="rId4"/><sheet xmlns:r="http://schemas.openxmlformats.org/officeDocument/2006/relationships" name="AuditLogs" sheetId="5" state="hidden" r:id="rId5"/><sheet xmlns:r="http://schemas.openxmlformats.org/officeDocument/2006/relationships" name="." sheetId="6" state="veryHidden" r:id="rId6"/></sheets><definedNames><definedName name="possible_partA">'AuditLogs'!$ZZ$1000</definedName></definedNames><calcPr calcId="124519" fullCalcOnLoad="1"/></workbook>