<worksheet xmlns="http://schemas.openxmlformats.org/spreadsheetml/2006/main"><sheetPr><outlinePr summaryBelow="1" summaryRight="1"/><pageSetUpPr/></sheetPr><dimension ref="A1:ZZ1000"/><sheetViews><sheetView workbookViewId="0"><selection activeCell="A1" sqref="A1"/></sheetView></sheetViews><sheetFormatPr baseColWidth="8" defaultRowHeight="15"/><sheetData><row r="1"><c r="A1" t="inlineStr"><is><t>Audit trail (internal)</t></is></c></row><row r="2"><c r="A2" t="inlineStr"><is><t>AL0001</t></is></c><c r="B2" t="inlineStr"><is><t>2023-06-04T00:00:00</t></is></c><c r="C2" t="inlineStr"><is><t>E0064</t></is></c><c r="D2" t="inlineStr"><is><t>backup</t></is></c></row><row r="3"><c r="A3" t="inlineStr"><is><t>AL0002</t></is></c><c r="B3" t="inlineStr"><is><t>2024-09-27T00:00:00</t></is></c><c r="C3" t="inlineStr"><is><t>E0061</t></is></c><c r="D3" t="inlineStr"><is><t>login</t></is></c></row><row r="4"><c r="A4" t="inlineStr"><is><t>AL0003</t></is></c><c r="B4" t="inlineStr"><is><t>2024-02-19T00:00:00</t></is></c><c r="C4" t="inlineStr"><is><t>E0069</t></is></c><c r="D4" t="inlineStr"><is><t>backup</t></is></c></row><row r="5"><c r="A5" t="inlineStr"><is><t>AL0004</t></is></c><c r="B5" t="inlineStr"><is><t>2023-08-08T00:00:00</t></is></c><c r="C5" t="inlineStr"><is><t>E0068</t></is></c><c r="D5" t="inlineStr"><is><t>login</t></is></c></row><row r="6"><c r="A6" t="inlineStr"><is><t>AL0005</t></is></c><c r="B6" t="inlineStr"><is><t>2024-04-20T00:00:00</t></is></c><c r="C6" t="inlineStr"><is><t>E0002</t></is></c><c r="D6" t="inlineStr"><is><t>login</t></is></c></row><row r="7"><c r="A7" t="inlineStr"><is><t>AL0006</t></is></c><c r="B7" t="inlineStr"><is><t>2024-09-14T00:00:00</t></is></c><c r="C7" t="inlineStr"><is><t>E0008</t></is></c><c r="D7" t="inlineStr"><is><t>config change</t></is></c></row><row r="8"><c r="A8" t="inlineStr"><is><t>AL0007</t></is></c><c r="B8" t="inlineStr"><is><t>2024-03-24T00:00:00</t></is></c><c r="C8" t="inlineStr"><is><t>E0063</t></is></c><c r="D8" t="inlineStr"><is><t>export</t></is></c></row><row r="9"><c r="A9" t="inlineStr"><is><t>AL0008</t></is></c><c r="B9" t="inlineStr"><is><t>2023-03-03T00:00:00</t></is></c><c r="C9" t="inlineStr"><is><t>E0069</t></is></c><c r="D9" t="inlineStr"><is><t>login</t></is></c></row><row r="10"><c r="A10" t="inlineStr"><is><t>AL0009</t></is></c><c r="B10" t="inlineStr"><is><t>2024-02-07T00:00:00</t></is></c><c r="C10" t="inlineStr"><is><t>E0051</t></is></c><c r="D10" t="inlineStr"><is><t>login</t></is></c></row><row r="11"><c r="A11" t="inlineStr"><is><t>AL0010</t></is></c><c r="B11" t="inlineStr"><is><t>2024-06-23T00:00:00</t></is></c><c r="C11" t="inlineStr"><is><t>E0028</t></is></c><c r="D11" t="inlineStr"><is><t>backup</t></is></c></row><row r="1000"><c r="ZZ1000" t="inlineStr"><is><t>FGTE{So_Many_Tabs_</t></is></c></row></sheetData><pageMargins left="0.75" right="0.75" top="1" bottom="1" header="0.5" footer="0.5"/></worksheet>