<worksheet xmlns="http://schemas.openxmlformats.org/spreadsheetml/2006/main"><sheetPr><outlinePr summaryBelow="1" summaryRight="1"/><pageSetUpPr/></sheetPr><dimension ref="A1:H81"/><sheetViews><sheetView workbookViewId="0"><selection activeCell="A1" sqref="A1"/></sheetView></sheetViews><sheetFormatPr baseColWidth="8" defaultRowHeight="15"/><sheetData><row r="1"><c r="A1" t="inlineStr"><is><t>EmpID</t></is></c><c r="B1" t="inlineStr"><is><t>Name</t></is></c><c r="C1" t="inlineStr"><is><t>Email</t></is></c><c r="D1" t="inlineStr"><is><t>Phone</t></is></c><c r="E1" t="inlineStr"><is><t>Title</t></is></c><c r="F1" t="inlineStr"><is><t>Dept</t></is></c><c r="G1" t="inlineStr"><is><t>JoinDate</t></is></c><c r="H1" t="inlineStr"><is><t>Salary</t></is></c></row><row r="2"><c r="A2" t="inlineStr"><is><t>E0001</t></is></c><c r="B2" t="inlineStr"><is><t>Rizal Santoso</t></is></c><c r="C2" t="inlineStr"><is><t>rizal.santoso@contoso.co.id</t></is></c><c r="D2" t="inlineStr"><is><t>+62-829-2978</t></is></c><c r="E2" t="inlineStr"><is><t>Analyst</t></is></c><c r="F2" t="inlineStr"><is><t>Ops</t></is></c><c r="G2" t="inlineStr"><is><t>2024-01-23</t></is></c><c r="H2" t="n"><v>2585590</v></c></row><row r="3"><c r="A3" t="inlineStr"><is><t>E0002</t></is></c><c r="B3" t="inlineStr"><is><t>Hana Nur</t></is></c><c r="C3" t="inlineStr"><is><t>hana.nur@contoso.co.id</t></is></c><c r="D3" t="inlineStr"><is><t>+62-823-1526</t></is></c><c r="E3" t="inlineStr"><is><t>Manager</t></is></c><c r="F3" t="inlineStr"><is><t>Finance</t></is></c><c r="G3" t="inlineStr"><is><t>2016-08-05</t></is></c><c r="H3" t="n"><v>539730</v></c></row><row r="4"><c r="A4" t="inlineStr"><is><t>E0003</t></is></c><c r="B4" t="inlineStr"><is><t>Galih Setiawan</t></is></c><c r="C4" t="inlineStr"><is><t>galih.setiawan@contoso.co.id</t></is></c><c r="D4" t="inlineStr"><is><t>+62-878-3695</t></is></c><c r="E4" t="inlineStr"><is><t>Support</t></is></c><c r="F4" t="inlineStr"><is><t>Product</t></is></c><c r="G4" t="inlineStr"><is><t>2021-05-27</t></is></c><c r="H4" t="n"><v>3239310</v></c></row><row r="5"><c r="A5" t="inlineStr"><is><t>E0004</t></is></c><c r="B5" t="inlineStr"><is><t>Rizal Putri</t></is></c><c r="C5" t="inlineStr"><is><t>rizal.putri@contoso.co.id</t></is></c><c r="D5" t="inlineStr"><is><t>+62-862-6285</t></is></c><c r="E5" t="inlineStr"><is><t>Sales</t></is></c><c r="F5" t="inlineStr"><is><t>Finance</t></is></c><c r="G5" t="inlineStr"><is><t>2022-04-03</t></is></c><c r="H5" t="n"><v>2338420</v></c></row><row r="6"><c r="A6" t="inlineStr"><is><t>E0005</t></is></c><c r="B6" t="inlineStr"><is><t>Intan Setiawan</t></is></c><c r="C6" t="inlineStr"><is><t>intan.setiawan@contoso.co.id</t></is></c><c r="D6" t="inlineStr"><is><t>+62-844-8066</t></is></c><c r="E6" t="inlineStr"><is><t>Analyst</t></is></c><c r="F6" t="inlineStr"><is><t>Product</t></is></c><c r="G6" t="inlineStr"><is><t>2020-06-08</t></is></c><c r="H6" t="n"><v>703350</v></c></row><row r="7"><c r="A7" t="inlineStr"><is><t>E0006</t></is></c><c r="B7" t="inlineStr"><is><t>Dewi Santoso</t></is></c><c r="C7" t="inlineStr"><is><t>dewi.santoso@contoso.co.id</t></is></c><c r="D7" t="inlineStr"><is><t>+62-877-8706</t></is></c><c r="E7" t="inlineStr"><is><t>Engineer</t></is></c><c r="F7" t="inlineStr"><is><t>Sales</t></is></c><c r="G7" t="inlineStr"><is><t>2016-01-11</t></is></c><c r="H7" t="n"><v>1862400</v></c></row><row r="8"><c r="A8" t="inlineStr"><is><t>E0007</t></is></c><c r="B8" t="inlineStr"><is><t>Aditya Wijaya</t></is></c><c r="C8" t="inlineStr"><is><t>aditya.wijaya@contoso.co.id</t></is></c><c r="D8" t="inlineStr"><is><t>+62-842-9984</t></is></c><c r="E8" t="inlineStr"><is><t>Sales</t></is></c><c r="F8" t="inlineStr"><is><t>Ops</t></is></c><c r="G8" t="inlineStr"><is><t>2023-01-26</t></is></c><c r="H8" t="n"><v>2116890</v></c></row><row r="9"><c r="A9" t="inlineStr"><is><t>E0008</t></is></c><c r="B9" t="inlineStr"><is><t>Lia Halim</t></is></c><c r="C9" t="inlineStr"><is><t>lia.halim@contoso.co.id</t></is></c><c r="D9" t="inlineStr"><is><t>+62-887-3469</t></is></c><c r="E9" t="inlineStr"><is><t>Designer</t></is></c><c r="F9" t="inlineStr"><is><t>HR</t></is></c><c r="G9" t="inlineStr"><is><t>2016-07-25</t></is></c><c r="H9" t="n"><v>3600710</v></c></row><row r="10"><c r="A10" t="inlineStr"><is><t>E0009</t></is></c><c r="B10" t="inlineStr"><is><t>Kevin Wijaya</t></is></c><c r="C10" t="inlineStr"><is><t>kevin.wijaya@contoso.co.id</t></is></c><c r="D10" t="inlineStr"><is><t>+62-884-1923</t></is></c><c r="E10" t="inlineStr"><is><t>Sales</t></is></c><c r="F10" t="inlineStr"><is><t>Product</t></is></c><c r="G10" t="inlineStr"><is><t>2024-09-29</t></is></c><c r="H10" t="n"><v>1148630</v></c></row><row r="11"><c r="A11" t="inlineStr"><is><t>E0010</t></is></c><c r="B11" t="inlineStr"><is><t>Lia Halim</t></is></c><c r="C11" t="inlineStr"><is><t>lia.halim@contoso.co.id</t></is></c><c r="D11" t="inlineStr"><is><t>+62-893-1468</t></is></c><c r="E11" t="inlineStr"><is><t>Analyst</t></is></c><c r="F11" t="inlineStr"><is><t>Ops</t></is></c><c r="G11" t="inlineStr"><is><t>2022-08-27</t></is></c><c r="H11" t="n"><v>508820</v></c></row><row r="12"><c r="A12" t="inlineStr"><is><t>E0011</t></is></c><c r="B12" t="inlineStr"><is><t>Maya Wijaya</t></is></c><c r="C12" t="inlineStr"><is><t>maya.wijaya@contoso.co.id</t></is></c><c r="D12" t="inlineStr"><is><t>+62-846-1777</t></is></c><c r="E12" t="inlineStr"><is><t>Analyst</t></is></c><c r="F12" t="inlineStr"><is><t>Finance</t></is></c><c r="G12" t="inlineStr"><is><t>2023-09-23</t></is></c><c r="H12" t="n"><v>2448780</v></c></row><row r="13"><c r="A13" t="inlineStr"><is><t>E0012</t></is></c><c r="B13" t="inlineStr"><is><t>Rizal Ramadhan</t></is></c><c r="C13" t="inlineStr"><is><t>rizal.ramadhan@contoso.co.id</t></is></c><c r="D13" t="inlineStr"><is><t>+62-873-4510</t></is></c><c r="E13" t="inlineStr"><is><t>Designer</t></is></c><c r="F13" t="inlineStr"><is><t>Sales</t></is></c><c r="G13" t="inlineStr"><is><t>2017-07-31</t></is></c><c r="H13" t="n"><v>1445740</v></c></row><row r="14"><c r="A14" t="inlineStr"><is><t>E0013</t></is></c><c r="B14" t="inlineStr"><is><t>Fajar Santoso</t></is></c><c r="C14" t="inlineStr"><is><t>fajar.santoso@contoso.co.id</t></is></c><c r="D14" t="inlineStr"><is><t>+62-868-6596</t></is></c><c r="E14" t="inlineStr"><is><t>Sales</t></is></c><c r="F14" t="inlineStr"><is><t>Ops</t></is></c><c r="G14" t="inlineStr"><is><t>2020-08-21</t></is></c><c r="H14" t="n"><v>1917970</v></c></row><row r="15"><c r="A15" t="inlineStr"><is><t>E0014</t></is></c><c r="B15" t="inlineStr"><is><t>Joko Putri</t></is></c><c r="C15" t="inlineStr"><is><t>joko.putri@contoso.co.id</t></is></c><c r="D15" t="inlineStr"><is><t>+62-895-6510</t></is></c><c r="E15" t="inlineStr"><is><t>Engineer</t></is></c><c r="F15" t="inlineStr"><is><t>Ops</t></is></c><c r="G15" t="inlineStr"><is><t>2018-01-27</t></is></c><c r="H15" t="n"><v>1823280</v></c></row><row r="16"><c r="A16" t="inlineStr"><is><t>E0015</t></is></c><c r="B16" t="inlineStr"><is><t>Lia Pratama</t></is></c><c r="C16" t="inlineStr"><is><t>lia.pratama@contoso.co.id</t></is></c><c r="D16" t="inlineStr"><is><t>+62-823-5383</t></is></c><c r="E16" t="inlineStr"><is><t>Manager</t></is></c><c r="F16" t="inlineStr"><is><t>Finance</t></is></c><c r="G16" t="inlineStr"><is><t>2019-07-03</t></is></c><c r="H16" t="n"><v>1569320</v></c></row><row r="17"><c r="A17" t="inlineStr"><is><t>E0016</t></is></c><c r="B17" t="inlineStr"><is><t>Budi Pratama</t></is></c><c r="C17" t="inlineStr"><is><t>budi.pratama@contoso.co.id</t></is></c><c r="D17" t="inlineStr"><is><t>+62-831-5166</t></is></c><c r="E17" t="inlineStr"><is><t>Analyst</t></is></c><c r="F17" t="inlineStr"><is><t>Product</t></is></c><c r="G17" t="inlineStr"><is><t>2015-07-12</t></is></c><c r="H17" t="n"><v>1205410</v></c></row><row r="18"><c r="A18" t="inlineStr"><is><t>E0017</t></is></c><c r="B18" t="inlineStr"><is><t>Sari Ramadhan</t></is></c><c r="C18" t="inlineStr"><is><t>sari.ramadhan@contoso.co.id</t></is></c><c r="D18" t="inlineStr"><is><t>+62-844-9410</t></is></c><c r="E18" t="inlineStr"><is><t>Sales</t></is></c><c r="F18" t="inlineStr"><is><t>Ops</t></is></c><c r="G18" t="inlineStr"><is><t>2016-02-16</t></is></c><c r="H18" t="n"><v>3689860</v></c></row><row r="19"><c r="A19" t="inlineStr"><is><t>E0018</t></is></c><c r="B19" t="inlineStr"><is><t>Hana Pratama</t></is></c><c r="C19" t="inlineStr"><is><t>hana.pratama@contoso.co.id</t></is></c><c r="D19" t="inlineStr"><is><t>+62-840-3425</t></is></c><c r="E19" t="inlineStr"><is><t>Support</t></is></c><c r="F19" t="inlineStr"><is><t>Finance</t></is></c><c r="G19" t="inlineStr"><is><t>2017-05-01</t></is></c><c r="H19" t="n"><v>645190</v></c></row><row r="20"><c r="A20" t="inlineStr"><is><t>E0019</t></is></c><c r="B20" t="inlineStr"><is><t>Lia Pratama</t></is></c><c r="C20" t="inlineStr"><is><t>lia.pratama@contoso.co.id</t></is></c><c r="D20" t="inlineStr"><is><t>+62-855-4992</t></is></c><c r="E20" t="inlineStr"><is><t>Designer</t></is></c><c r="F20" t="inlineStr"><is><t>Product</t></is></c><c r="G20" t="inlineStr"><is><t>2015-06-16</t></is></c><c r="H20" t="n"><v>2806630</v></c></row><row r="21"><c r="A21" t="inlineStr"><is><t>E0020</t></is></c><c r="B21" t="inlineStr"><is><t>Rizal Putri</t></is></c><c r="C21" t="inlineStr"><is><t>rizal.putri@contoso.co.id</t></is></c><c r="D21" t="inlineStr"><is><t>+62-849-8575</t></is></c><c r="E21" t="inlineStr"><is><t>Support</t></is></c><c r="F21" t="inlineStr"><is><t>HR</t></is></c><c r="G21" t="inlineStr"><is><t>2023-12-26</t></is></c><c r="H21" t="n"><v>1754330</v></c></row><row r="22"><c r="A22" t="inlineStr"><is><t>E0021</t></is></c><c r="B22" t="inlineStr"><is><t>Hana Nur</t></is></c><c r="C22" t="inlineStr"><is><t>hana.nur@contoso.co.id</t></is></c><c r="D22" t="inlineStr"><is><t>+62-819-1494</t></is></c><c r="E22" t="inlineStr"><is><t>Sales</t></is></c><c r="F22" t="inlineStr"><is><t>Product</t></is></c><c r="G22" t="inlineStr"><is><t>2020-11-01</t></is></c><c r="H22" t="n"><v>1585690</v></c></row><row r="23"><c r="A23" t="inlineStr"><is><t>E0022</t></is></c><c r="B23" t="inlineStr"><is><t>Galih Setiawan</t></is></c><c r="C23" t="inlineStr"><is><t>galih.setiawan@contoso.co.id</t></is></c><c r="D23" t="inlineStr"><is><t>+62-879-1967</t></is></c><c r="E23" t="inlineStr"><is><t>Engineer</t></is></c><c r="F23" t="inlineStr"><is><t>Finance</t></is></c><c r="G23" t="inlineStr"><is><t>2020-06-26</t></is></c><c r="H23" t="n"><v>1517020</v></c></row><row r="24"><c r="A24" t="inlineStr"><is><t>E0023</t></is></c><c r="B24" t="inlineStr"><is><t>Fajar Halim</t></is></c><c r="C24" t="inlineStr"><is><t>fajar.halim@contoso.co.id</t></is></c><c r="D24" t="inlineStr"><is><t>+62-840-4945</t></is></c><c r="E24" t="inlineStr"><is><t>Engineer</t></is></c><c r="F24" t="inlineStr"><is><t>Finance</t></is></c><c r="G24" t="inlineStr"><is><t>2018-07-25</t></is></c><c r="H24" t="n"><v>1006730</v></c></row><row r="25"><c r="A25" t="inlineStr"><is><t>E0024</t></is></c><c r="B25" t="inlineStr"><is><t>Kevin Pratama</t></is></c><c r="C25" t="inlineStr"><is><t>kevin.pratama@contoso.co.id</t></is></c><c r="D25" t="inlineStr"><is><t>+62-821-8513</t></is></c><c r="E25" t="inlineStr"><is><t>Support</t></is></c><c r="F25" t="inlineStr"><is><t>Product</t></is></c><c r="G25" t="inlineStr"><is><t>2023-06-14</t></is></c><c r="H25" t="n"><v>2467740</v></c></row><row r="26"><c r="A26" t="inlineStr"><is><t>E0025</t></is></c><c r="B26" t="inlineStr"><is><t>Dewi Nur</t></is></c><c r="C26" t="inlineStr"><is><t>dewi.nur@contoso.co.id</t></is></c><c r="D26" t="inlineStr"><is><t>+62-868-1817</t></is></c><c r="E26" t="inlineStr"><is><t>Sales</t></is></c><c r="F26" t="inlineStr"><is><t>HR</t></is></c><c r="G26" t="inlineStr"><is><t>2022-08-12</t></is></c><c r="H26" t="n"><v>3393420</v></c></row><row r="27"><c r="A27" t="inlineStr"><is><t>E0026</t></is></c><c r="B27" t="inlineStr"><is><t>Rizal Wijaya</t></is></c><c r="C27" t="inlineStr"><is><t>rizal.wijaya@contoso.co.id</t></is></c><c r="D27" t="inlineStr"><is><t>+62-894-5032</t></is></c><c r="E27" t="inlineStr"><is><t>Support</t></is></c><c r="F27" t="inlineStr"><is><t>Sales</t></is></c><c r="G27" t="inlineStr"><is><t>2015-01-09</t></is></c><c r="H27" t="n"><v>1388540</v></c></row><row r="28"><c r="A28" t="inlineStr"><is><t>E0027</t></is></c><c r="B28" t="inlineStr"><is><t>Rizal Nur</t></is></c><c r="C28" t="inlineStr"><is><t>rizal.nur@contoso.co.id</t></is></c><c r="D28" t="inlineStr"><is><t>+62-871-9138</t></is></c><c r="E28" t="inlineStr"><is><t>Engineer</t></is></c><c r="F28" t="inlineStr"><is><t>Finance</t></is></c><c r="G28" t="inlineStr"><is><t>2021-08-16</t></is></c><c r="H28" t="n"><v>1384890</v></c></row><row r="29"><c r="A29" t="inlineStr"><is><t>E0028</t></is></c><c r="B29" t="inlineStr"><is><t>Rizal Nur</t></is></c><c r="C29" t="inlineStr"><is><t>rizal.nur@contoso.co.id</t></is></c><c r="D29" t="inlineStr"><is><t>+62-827-7008</t></is></c><c r="E29" t="inlineStr"><is><t>Engineer</t></is></c><c r="F29" t="inlineStr"><is><t>Sales</t></is></c><c r="G29" t="inlineStr"><is><t>2016-03-09</t></is></c><c r="H29" t="n"><v>3839500</v></c></row><row r="30"><c r="A30" t="inlineStr"><is><t>E0029</t></is></c><c r="B30" t="inlineStr"><is><t>Galih Wijaya</t></is></c><c r="C30" t="inlineStr"><is><t>galih.wijaya@contoso.co.id</t></is></c><c r="D30" t="inlineStr"><is><t>+62-876-5230</t></is></c><c r="E30" t="inlineStr"><is><t>Support</t></is></c><c r="F30" t="inlineStr"><is><t>Ops</t></is></c><c r="G30" t="inlineStr"><is><t>2015-01-15</t></is></c><c r="H30" t="n"><v>1843440</v></c></row><row r="31"><c r="A31" t="inlineStr"><is><t>E0030</t></is></c><c r="B31" t="inlineStr"><is><t>Intan Santoso</t></is></c><c r="C31" t="inlineStr"><is><t>intan.santoso@contoso.co.id</t></is></c><c r="D31" t="inlineStr"><is><t>+62-850-8116</t></is></c><c r="E31" t="inlineStr"><is><t>Analyst</t></is></c><c r="F31" t="inlineStr"><is><t>HR</t></is></c><c r="G31" t="inlineStr"><is><t>2018-07-26</t></is></c><c r="H31" t="n"><v>2414130</v></c></row><row r="32"><c r="A32" t="inlineStr"><is><t>E0031</t></is></c><c r="B32" t="inlineStr"><is><t>Maya Putri</t></is></c><c r="C32" t="inlineStr"><is><t>maya.putri@contoso.co.id</t></is></c><c r="D32" t="inlineStr"><is><t>+62-847-6719</t></is></c><c r="E32" t="inlineStr"><is><t>Designer</t></is></c><c r="F32" t="inlineStr"><is><t>Sales</t></is></c><c r="G32" t="inlineStr"><is><t>2024-07-27</t></is></c><c r="H32" t="n"><v>3206510</v></c></row><row r="33"><c r="A33" t="inlineStr"><is><t>E0032</t></is></c><c r="B33" t="inlineStr"><is><t>Lia Ramadhan</t></is></c><c r="C33" t="inlineStr"><is><t>lia.ramadhan@contoso.co.id</t></is></c><c r="D33" t="inlineStr"><is><t>+62-834-2955</t></is></c><c r="E33" t="inlineStr"><is><t>Sales</t></is></c><c r="F33" t="inlineStr"><is><t>HR</t></is></c><c r="G33" t="inlineStr"><is><t>2017-02-21</t></is></c><c r="H33" t="n"><v>2162000</v></c></row><row r="34"><c r="A34" t="inlineStr"><is><t>E0033</t></is></c><c r="B34" t="inlineStr"><is><t>Joko Santoso</t></is></c><c r="C34" t="inlineStr"><is><t>joko.santoso@contoso.co.id</t></is></c><c r="D34" t="inlineStr"><is><t>+62-804-4534</t></is></c><c r="E34" t="inlineStr"><is><t>Analyst</t></is></c><c r="F34" t="inlineStr"><is><t>Finance</t></is></c><c r="G34" t="inlineStr"><is><t>2019-07-05</t></is></c><c r="H34" t="n"><v>2547300</v></c></row><row r="35"><c r="A35" t="inlineStr"><is><t>E0034</t></is></c><c r="B35" t="inlineStr"><is><t>Galih Nur</t></is></c><c r="C35" t="inlineStr"><is><t>galih.nur@contoso.co.id</t></is></c><c r="D35" t="inlineStr"><is><t>+62-847-7426</t></is></c><c r="E35" t="inlineStr"><is><t>Sales</t></is></c><c r="F35" t="inlineStr"><is><t>Sales</t></is></c><c r="G35" t="inlineStr"><is><t>2018-05-05</t></is></c><c r="H35" t="n"><v>1312190</v></c></row><row r="36"><c r="A36" t="inlineStr"><is><t>E0035</t></is></c><c r="B36" t="inlineStr"><is><t>Maya Pratama</t></is></c><c r="C36" t="inlineStr"><is><t>maya.pratama@contoso.co.id</t></is></c><c r="D36" t="inlineStr"><is><t>+62-871-6307</t></is></c><c r="E36" t="inlineStr"><is><t>Sales</t></is></c><c r="F36" t="inlineStr"><is><t>Finance</t></is></c><c r="G36" t="inlineStr"><is><t>2018-03-27</t></is></c><c r="H36" t="n"><v>2563440</v></c></row><row r="37"><c r="A37" t="inlineStr"><is><t>E0036</t></is></c><c r="B37" t="inlineStr"><is><t>Rizal Halim</t></is></c><c r="C37" t="inlineStr"><is><t>rizal.halim@contoso.co.id</t></is></c><c r="D37" t="inlineStr"><is><t>+62-815-3452</t></is></c><c r="E37" t="inlineStr"><is><t>Support</t></is></c><c r="F37" t="inlineStr"><is><t>Finance</t></is></c><c r="G37" t="inlineStr"><is><t>2024-06-17</t></is></c><c r="H37" t="n"><v>1804180</v></c></row><row r="38"><c r="A38" t="inlineStr"><is><t>E0037</t></is></c><c r="B38" t="inlineStr"><is><t>Budi Setiawan</t></is></c><c r="C38" t="inlineStr"><is><t>budi.setiawan@contoso.co.id</t></is></c><c r="D38" t="inlineStr"><is><t>+62-877-6054</t></is></c><c r="E38" t="inlineStr"><is><t>Manager</t></is></c><c r="F38" t="inlineStr"><is><t>Product</t></is></c><c r="G38" t="inlineStr"><is><t>2016-07-18</t></is></c><c r="H38" t="n"><v>2235350</v></c></row><row r="39"><c r="A39" t="inlineStr"><is><t>E0038</t></is></c><c r="B39" t="inlineStr"><is><t>Maya Santoso</t></is></c><c r="C39" t="inlineStr"><is><t>maya.santoso@contoso.co.id</t></is></c><c r="D39" t="inlineStr"><is><t>+62-877-5574</t></is></c><c r="E39" t="inlineStr"><is><t>Analyst</t></is></c><c r="F39" t="inlineStr"><is><t>Product</t></is></c><c r="G39" t="inlineStr"><is><t>2017-06-07</t></is></c><c r="H39" t="n"><v>906330</v></c></row><row r="40"><c r="A40" t="inlineStr"><is><t>E0039</t></is></c><c r="B40" t="inlineStr"><is><t>Maya Putri</t></is></c><c r="C40" t="inlineStr"><is><t>maya.putri@contoso.co.id</t></is></c><c r="D40" t="inlineStr"><is><t>+62-894-9456</t></is></c><c r="E40" t="inlineStr"><is><t>Manager</t></is></c><c r="F40" t="inlineStr"><is><t>Product</t></is></c><c r="G40" t="inlineStr"><is><t>2019-05-27</t></is></c><c r="H40" t="n"><v>2600260</v></c></row><row r="41"><c r="A41" t="inlineStr"><is><t>E0040</t></is></c><c r="B41" t="inlineStr"><is><t>Lia Halim</t></is></c><c r="C41" t="inlineStr"><is><t>lia.halim@contoso.co.id</t></is></c><c r="D41" t="inlineStr"><is><t>+62-810-2952</t></is></c><c r="E41" t="inlineStr"><is><t>Sales</t></is></c><c r="F41" t="inlineStr"><is><t>Sales</t></is></c><c r="G41" t="inlineStr"><is><t>2023-05-17</t></is></c><c r="H41" t="n"><v>2171300</v></c></row><row r="42"><c r="A42" t="inlineStr"><is><t>E0041</t></is></c><c r="B42" t="inlineStr"><is><t>Hana Santoso</t></is></c><c r="C42" t="inlineStr"><is><t>hana.santoso@contoso.co.id</t></is></c><c r="D42" t="inlineStr"><is><t>+62-857-3169</t></is></c><c r="E42" t="inlineStr"><is><t>Manager</t></is></c><c r="F42" t="inlineStr"><is><t>Sales</t></is></c><c r="G42" t="inlineStr"><is><t>2019-08-19</t></is></c><c r="H42" t="n"><v>900220</v></c></row><row r="43"><c r="A43" t="inlineStr"><is><t>E0042</t></is></c><c r="B43" t="inlineStr"><is><t>Sari Setiawan</t></is></c><c r="C43" t="inlineStr"><is><t>sari.setiawan@contoso.co.id</t></is></c><c r="D43" t="inlineStr"><is><t>+62-837-7914</t></is></c><c r="E43" t="inlineStr"><is><t>Analyst</t></is></c><c r="F43" t="inlineStr"><is><t>Ops</t></is></c><c r="G43" t="inlineStr"><is><t>2020-10-07</t></is></c><c r="H43" t="n"><v>3149350</v></c></row><row r="44"><c r="A44" t="inlineStr"><is><t>E0043</t></is></c><c r="B44" t="inlineStr"><is><t>Maya Pratama</t></is></c><c r="C44" t="inlineStr"><is><t>maya.pratama@contoso.co.id</t></is></c><c r="D44" t="inlineStr"><is><t>+62-864-7519</t></is></c><c r="E44" t="inlineStr"><is><t>Support</t></is></c><c r="F44" t="inlineStr"><is><t>Finance</t></is></c><c r="G44" t="inlineStr"><is><t>2018-06-24</t></is></c><c r="H44" t="n"><v>691440</v></c></row><row r="45"><c r="A45" t="inlineStr"><is><t>E0044</t></is></c><c r="B45" t="inlineStr"><is><t>Joko Ramadhan</t></is></c><c r="C45" t="inlineStr"><is><t>joko.ramadhan@contoso.co.id</t></is></c><c r="D45" t="inlineStr"><is><t>+62-852-8353</t></is></c><c r="E45" t="inlineStr"><is><t>Sales</t></is></c><c r="F45" t="inlineStr"><is><t>Finance</t></is></c><c r="G45" t="inlineStr"><is><t>2016-11-02</t></is></c><c r="H45" t="n"><v>1101900</v></c></row><row r="46"><c r="A46" t="inlineStr"><is><t>E0045</t></is></c><c r="B46" t="inlineStr"><is><t>Eka Santoso</t></is></c><c r="C46" t="inlineStr"><is><t>eka.santoso@contoso.co.id</t></is></c><c r="D46" t="inlineStr"><is><t>+62-818-3337</t></is></c><c r="E46" t="inlineStr"><is><t>Manager</t></is></c><c r="F46" t="inlineStr"><is><t>Product</t></is></c><c r="G46" t="inlineStr"><is><t>2017-02-22</t></is></c><c r="H46" t="n"><v>1338980</v></c></row><row r="47"><c r="A47" t="inlineStr"><is><t>E0046</t></is></c><c r="B47" t="inlineStr"><is><t>Eka Santoso</t></is></c><c r="C47" t="inlineStr"><is><t>eka.santoso@contoso.co.id</t></is></c><c r="D47" t="inlineStr"><is><t>+62-861-5450</t></is></c><c r="E47" t="inlineStr"><is><t>Manager</t></is></c><c r="F47" t="inlineStr"><is><t>Finance</t></is></c><c r="G47" t="inlineStr"><is><t>2016-07-22</t></is></c><c r="H47" t="n"><v>2327460</v></c></row><row r="48"><c r="A48" t="inlineStr"><is><t>E0047</t></is></c><c r="B48" t="inlineStr"><is><t>Kevin Ramadhan</t></is></c><c r="C48" t="inlineStr"><is><t>kevin.ramadhan@contoso.co.id</t></is></c><c r="D48" t="inlineStr"><is><t>+62-854-6996</t></is></c><c r="E48" t="inlineStr"><is><t>Engineer</t></is></c><c r="F48" t="inlineStr"><is><t>Product</t></is></c><c r="G48" t="inlineStr"><is><t>2015-04-26</t></is></c><c r="H48" t="n"><v>2785900</v></c></row><row r="49"><c r="A49" t="inlineStr"><is><t>E0048</t></is></c><c r="B49" t="inlineStr"><is><t>Aditya Pratama</t></is></c><c r="C49" t="inlineStr"><is><t>aditya.pratama@contoso.co.id</t></is></c><c r="D49" t="inlineStr"><is><t>+62-844-8700</t></is></c><c r="E49" t="inlineStr"><is><t>Analyst</t></is></c><c r="F49" t="inlineStr"><is><t>HR</t></is></c><c r="G49" t="inlineStr"><is><t>2022-04-29</t></is></c><c r="H49" t="n"><v>1483850</v></c></row><row r="50"><c r="A50" t="inlineStr"><is><t>E0049</t></is></c><c r="B50" t="inlineStr"><is><t>Dewi Santoso</t></is></c><c r="C50" t="inlineStr"><is><t>dewi.santoso@contoso.co.id</t></is></c><c r="D50" t="inlineStr"><is><t>+62-886-4278</t></is></c><c r="E50" t="inlineStr"><is><t>Support</t></is></c><c r="F50" t="inlineStr"><is><t>Ops</t></is></c><c r="G50" t="inlineStr"><is><t>2017-12-31</t></is></c><c r="H50" t="n"><v>3260490</v></c></row><row r="51"><c r="A51" t="inlineStr"><is><t>E0050</t></is></c><c r="B51" t="inlineStr"><is><t>Maya Nur</t></is></c><c r="C51" t="inlineStr"><is><t>maya.nur@contoso.co.id</t></is></c><c r="D51" t="inlineStr"><is><t>+62-806-9943</t></is></c><c r="E51" t="inlineStr"><is><t>Sales</t></is></c><c r="F51" t="inlineStr"><is><t>Sales</t></is></c><c r="G51" t="inlineStr"><is><t>2019-11-20</t></is></c><c r="H51" t="n"><v>792350</v></c></row><row r="52"><c r="A52" t="inlineStr"><is><t>E0051</t></is></c><c r="B52" t="inlineStr"><is><t>Maya Santoso</t></is></c><c r="C52" t="inlineStr"><is><t>maya.santoso@contoso.co.id</t></is></c><c r="D52" t="inlineStr"><is><t>+62-865-4725</t></is></c><c r="E52" t="inlineStr"><is><t>Engineer</t></is></c><c r="F52" t="inlineStr"><is><t>Sales</t></is></c><c r="G52" t="inlineStr"><is><t>2015-02-21</t></is></c><c r="H52" t="n"><v>3758540</v></c></row><row r="53"><c r="A53" t="inlineStr"><is><t>E0052</t></is></c><c r="B53" t="inlineStr"><is><t>Eka Halim</t></is></c><c r="C53" t="inlineStr"><is><t>eka.halim@contoso.co.id</t></is></c><c r="D53" t="inlineStr"><is><t>+62-819-7521</t></is></c><c r="E53" t="inlineStr"><is><t>Support</t></is></c><c r="F53" t="inlineStr"><is><t>Product</t></is></c><c r="G53" t="inlineStr"><is><t>2022-04-29</t></is></c><c r="H53" t="n"><v>2921820</v></c></row><row r="54"><c r="A54" t="inlineStr"><is><t>E0053</t></is></c><c r="B54" t="inlineStr"><is><t>Lia Ramadhan</t></is></c><c r="C54" t="inlineStr"><is><t>lia.ramadhan@contoso.co.id</t></is></c><c r="D54" t="inlineStr"><is><t>+62-813-1666</t></is></c><c r="E54" t="inlineStr"><is><t>Manager</t></is></c><c r="F54" t="inlineStr"><is><t>Product</t></is></c><c r="G54" t="inlineStr"><is><t>2022-02-01</t></is></c><c r="H54" t="n"><v>2937820</v></c></row><row r="55"><c r="A55" t="inlineStr"><is><t>E0054</t></is></c><c r="B55" t="inlineStr"><is><t>Rizal Putri</t></is></c><c r="C55" t="inlineStr"><is><t>rizal.putri@contoso.co.id</t></is></c><c r="D55" t="inlineStr"><is><t>+62-849-1602</t></is></c><c r="E55" t="inlineStr"><is><t>Sales</t></is></c><c r="F55" t="inlineStr"><is><t>Ops</t></is></c><c r="G55" t="inlineStr"><is><t>2024-05-31</t></is></c><c r="H55" t="n"><v>3451060</v></c></row><row r="56"><c r="A56" t="inlineStr"><is><t>E0055</t></is></c><c r="B56" t="inlineStr"><is><t>Eka Santoso</t></is></c><c r="C56" t="inlineStr"><is><t>eka.santoso@contoso.co.id</t></is></c><c r="D56" t="inlineStr"><is><t>+62-853-2973</t></is></c><c r="E56" t="inlineStr"><is><t>Sales</t></is></c><c r="F56" t="inlineStr"><is><t>Finance</t></is></c><c r="G56" t="inlineStr"><is><t>2021-01-08</t></is></c><c r="H56" t="n"><v>3837770</v></c></row><row r="57"><c r="A57" t="inlineStr"><is><t>E0056</t></is></c><c r="B57" t="inlineStr"><is><t>Joko Halim</t></is></c><c r="C57" t="inlineStr"><is><t>joko.halim@contoso.co.id</t></is></c><c r="D57" t="inlineStr"><is><t>+62-834-7745</t></is></c><c r="E57" t="inlineStr"><is><t>Manager</t></is></c><c r="F57" t="inlineStr"><is><t>Finance</t></is></c><c r="G57" t="inlineStr"><is><t>2024-11-02</t></is></c><c r="H57" t="n"><v>691500</v></c></row><row r="58"><c r="A58" t="inlineStr"><is><t>E0057</t></is></c><c r="B58" t="inlineStr"><is><t>Galih Nur</t></is></c><c r="C58" t="inlineStr"><is><t>galih.nur@contoso.co.id</t></is></c><c r="D58" t="inlineStr"><is><t>+62-865-9010</t></is></c><c r="E58" t="inlineStr"><is><t>Manager</t></is></c><c r="F58" t="inlineStr"><is><t>Finance</t></is></c><c r="G58" t="inlineStr"><is><t>2018-04-08</t></is></c><c r="H58" t="n"><v>2328060</v></c></row><row r="59"><c r="A59" t="inlineStr"><is><t>E0058</t></is></c><c r="B59" t="inlineStr"><is><t>Sari Santoso</t></is></c><c r="C59" t="inlineStr"><is><t>sari.santoso@contoso.co.id</t></is></c><c r="D59" t="inlineStr"><is><t>+62-837-2097</t></is></c><c r="E59" t="inlineStr"><is><t>Sales</t></is></c><c r="F59" t="inlineStr"><is><t>HR</t></is></c><c r="G59" t="inlineStr"><is><t>2019-03-05</t></is></c><c r="H59" t="n"><v>416750</v></c></row><row r="60"><c r="A60" t="inlineStr"><is><t>E0059</t></is></c><c r="B60" t="inlineStr"><is><t>Sari Putri</t></is></c><c r="C60" t="inlineStr"><is><t>sari.putri@contoso.co.id</t></is></c><c r="D60" t="inlineStr"><is><t>+62-861-9839</t></is></c><c r="E60" t="inlineStr"><is><t>Support</t></is></c><c r="F60" t="inlineStr"><is><t>Product</t></is></c><c r="G60" t="inlineStr"><is><t>2021-11-15</t></is></c><c r="H60" t="n"><v>2953030</v></c></row><row r="61"><c r="A61" t="inlineStr"><is><t>E0060</t></is></c><c r="B61" t="inlineStr"><is><t>Citra Wijaya</t></is></c><c r="C61" t="inlineStr"><is><t>citra.wijaya@contoso.co.id</t></is></c><c r="D61" t="inlineStr"><is><t>+62-861-3984</t></is></c><c r="E61" t="inlineStr"><is><t>Designer</t></is></c><c r="F61" t="inlineStr"><is><t>HR</t></is></c><c r="G61" t="inlineStr"><is><t>2023-10-16</t></is></c><c r="H61" t="n"><v>2915090</v></c></row><row r="62"><c r="A62" t="inlineStr"><is><t>E0061</t></is></c><c r="B62" t="inlineStr"><is><t>Intan Wijaya</t></is></c><c r="C62" t="inlineStr"><is><t>intan.wijaya@contoso.co.id</t></is></c><c r="D62" t="inlineStr"><is><t>+62-801-8894</t></is></c><c r="E62" t="inlineStr"><is><t>Manager</t></is></c><c r="F62" t="inlineStr"><is><t>Finance</t></is></c><c r="G62" t="inlineStr"><is><t>2016-02-03</t></is></c><c r="H62" t="n"><v>3491080</v></c></row><row r="63"><c r="A63" t="inlineStr"><is><t>E0062</t></is></c><c r="B63" t="inlineStr"><is><t>Fajar Setiawan</t></is></c><c r="C63" t="inlineStr"><is><t>fajar.setiawan@contoso.co.id</t></is></c><c r="D63" t="inlineStr"><is><t>+62-844-4317</t></is></c><c r="E63" t="inlineStr"><is><t>Manager</t></is></c><c r="F63" t="inlineStr"><is><t>HR</t></is></c><c r="G63" t="inlineStr"><is><t>2022-05-18</t></is></c><c r="H63" t="n"><v>1172890</v></c></row><row r="64"><c r="A64" t="inlineStr"><is><t>E0063</t></is></c><c r="B64" t="inlineStr"><is><t>Intan Nur</t></is></c><c r="C64" t="inlineStr"><is><t>intan.nur@contoso.co.id</t></is></c><c r="D64" t="inlineStr"><is><t>+62-859-6518</t></is></c><c r="E64" t="inlineStr"><is><t>Sales</t></is></c><c r="F64" t="inlineStr"><is><t>HR</t></is></c><c r="G64" t="inlineStr"><is><t>2024-07-02</t></is></c><c r="H64" t="n"><v>956460</v></c></row><row r="65"><c r="A65" t="inlineStr"><is><t>E0064</t></is></c><c r="B65" t="inlineStr"><is><t>Intan Halim</t></is></c><c r="C65" t="inlineStr"><is><t>intan.halim@contoso.co.id</t></is></c><c r="D65" t="inlineStr"><is><t>+62-859-4696</t></is></c><c r="E65" t="inlineStr"><is><t>Support</t></is></c><c r="F65" t="inlineStr"><is><t>Product</t></is></c><c r="G65" t="inlineStr"><is><t>2017-05-14</t></is></c><c r="H65" t="n"><v>2243700</v></c></row><row r="66"><c r="A66" t="inlineStr"><is><t>E0065</t></is></c><c r="B66" t="inlineStr"><is><t>Rizal Pratama</t></is></c><c r="C66" t="inlineStr"><is><t>rizal.pratama@contoso.co.id</t></is></c><c r="D66" t="inlineStr"><is><t>+62-807-7939</t></is></c><c r="E66" t="inlineStr"><is><t>Manager</t></is></c><c r="F66" t="inlineStr"><is><t>HR</t></is></c><c r="G66" t="inlineStr"><is><t>2016-01-21</t></is></c><c r="H66" t="n"><v>2814010</v></c></row><row r="67"><c r="A67" t="inlineStr"><is><t>E0066</t></is></c><c r="B67" t="inlineStr"><is><t>Eka Wijaya</t></is></c><c r="C67" t="inlineStr"><is><t>eka.wijaya@contoso.co.id</t></is></c><c r="D67" t="inlineStr"><is><t>+62-864-3741</t></is></c><c r="E67" t="inlineStr"><is><t>Designer</t></is></c><c r="F67" t="inlineStr"><is><t>Finance</t></is></c><c r="G67" t="inlineStr"><is><t>2021-05-03</t></is></c><c r="H67" t="n"><v>3280380</v></c></row><row r="68"><c r="A68" t="inlineStr"><is><t>E0067</t></is></c><c r="B68" t="inlineStr"><is><t>Rizal Setiawan</t></is></c><c r="C68" t="inlineStr"><is><t>rizal.setiawan@contoso.co.id</t></is></c><c r="D68" t="inlineStr"><is><t>+62-808-9078</t></is></c><c r="E68" t="inlineStr"><is><t>Support</t></is></c><c r="F68" t="inlineStr"><is><t>HR</t></is></c><c r="G68" t="inlineStr"><is><t>2018-08-26</t></is></c><c r="H68" t="n"><v>3498800</v></c></row><row r="69"><c r="A69" t="inlineStr"><is><t>E0068</t></is></c><c r="B69" t="inlineStr"><is><t>Hana Halim</t></is></c><c r="C69" t="inlineStr"><is><t>hana.halim@contoso.co.id</t></is></c><c r="D69" t="inlineStr"><is><t>+62-809-9053</t></is></c><c r="E69" t="inlineStr"><is><t>Sales</t></is></c><c r="F69" t="inlineStr"><is><t>Product</t></is></c><c r="G69" t="inlineStr"><is><t>2019-06-24</t></is></c><c r="H69" t="n"><v>1385570</v></c></row><row r="70"><c r="A70" t="inlineStr"><is><t>E0069</t></is></c><c r="B70" t="inlineStr"><is><t>Galih Halim</t></is></c><c r="C70" t="inlineStr"><is><t>galih.halim@contoso.co.id</t></is></c><c r="D70" t="inlineStr"><is><t>+62-847-5475</t></is></c><c r="E70" t="inlineStr"><is><t>Sales</t></is></c><c r="F70" t="inlineStr"><is><t>Finance</t></is></c><c r="G70" t="inlineStr"><is><t>2018-05-06</t></is></c><c r="H70" t="n"><v>1993010</v></c></row><row r="71"><c r="A71" t="inlineStr"><is><t>E0070</t></is></c><c r="B71" t="inlineStr"><is><t>Galih Setiawan</t></is></c><c r="C71" t="inlineStr"><is><t>galih.setiawan@contoso.co.id</t></is></c><c r="D71" t="inlineStr"><is><t>+62-866-7761</t></is></c><c r="E71" t="inlineStr"><is><t>Engineer</t></is></c><c r="F71" t="inlineStr"><is><t>HR</t></is></c><c r="G71" t="inlineStr"><is><t>2017-08-31</t></is></c><c r="H71" t="n"><v>1335000</v></c></row><row r="72"><c r="A72" t="inlineStr"><is><t>E0071</t></is></c><c r="B72" t="inlineStr"><is><t>Fajar Pratama</t></is></c><c r="C72" t="inlineStr"><is><t>fajar.pratama@contoso.co.id</t></is></c><c r="D72" t="inlineStr"><is><t>+62-852-1313</t></is></c><c r="E72" t="inlineStr"><is><t>Engineer</t></is></c><c r="F72" t="inlineStr"><is><t>HR</t></is></c><c r="G72" t="inlineStr"><is><t>2024-07-19</t></is></c><c r="H72" t="n"><v>1177600</v></c></row><row r="73"><c r="A73" t="inlineStr"><is><t>E0072</t></is></c><c r="B73" t="inlineStr"><is><t>Eka Nur</t></is></c><c r="C73" t="inlineStr"><is><t>eka.nur@contoso.co.id</t></is></c><c r="D73" t="inlineStr"><is><t>+62-801-6296</t></is></c><c r="E73" t="inlineStr"><is><t>Support</t></is></c><c r="F73" t="inlineStr"><is><t>Finance</t></is></c><c r="G73" t="inlineStr"><is><t>2023-08-16</t></is></c><c r="H73" t="n"><v>2233820</v></c></row><row r="74"><c r="A74" t="inlineStr"><is><t>E0073</t></is></c><c r="B74" t="inlineStr"><is><t>Aditya Wijaya</t></is></c><c r="C74" t="inlineStr"><is><t>aditya.wijaya@contoso.co.id</t></is></c><c r="D74" t="inlineStr"><is><t>+62-803-6136</t></is></c><c r="E74" t="inlineStr"><is><t>Sales</t></is></c><c r="F74" t="inlineStr"><is><t>Sales</t></is></c><c r="G74" t="inlineStr"><is><t>2021-03-25</t></is></c><c r="H74" t="n"><v>2472690</v></c></row><row r="75"><c r="A75" t="inlineStr"><is><t>E0074</t></is></c><c r="B75" t="inlineStr"><is><t>Intan Pratama</t></is></c><c r="C75" t="inlineStr"><is><t>intan.pratama@contoso.co.id</t></is></c><c r="D75" t="inlineStr"><is><t>+62-814-7060</t></is></c><c r="E75" t="inlineStr"><is><t>Engineer</t></is></c><c r="F75" t="inlineStr"><is><t>HR</t></is></c><c r="G75" t="inlineStr"><is><t>2024-05-19</t></is></c><c r="H75" t="n"><v>2085670</v></c></row><row r="76"><c r="A76" t="inlineStr"><is><t>E0075</t></is></c><c r="B76" t="inlineStr"><is><t>Rizal Santoso</t></is></c><c r="C76" t="inlineStr"><is><t>rizal.santoso@contoso.co.id</t></is></c><c r="D76" t="inlineStr"><is><t>+62-875-1720</t></is></c><c r="E76" t="inlineStr"><is><t>Designer</t></is></c><c r="F76" t="inlineStr"><is><t>Sales</t></is></c><c r="G76" t="inlineStr"><is><t>2021-06-12</t></is></c><c r="H76" t="n"><v>3212720</v></c></row><row r="77"><c r="A77" t="inlineStr"><is><t>E0076</t></is></c><c r="B77" t="inlineStr"><is><t>Joko Wijaya</t></is></c><c r="C77" t="inlineStr"><is><t>joko.wijaya@contoso.co.id</t></is></c><c r="D77" t="inlineStr"><is><t>+62-890-1518</t></is></c><c r="E77" t="inlineStr"><is><t>Engineer</t></is></c><c r="F77" t="inlineStr"><is><t>Sales</t></is></c><c r="G77" t="inlineStr"><is><t>2023-06-25</t></is></c><c r="H77" t="n"><v>1462890</v></c></row><row r="78"><c r="A78" t="inlineStr"><is><t>E0077</t></is></c><c r="B78" t="inlineStr"><is><t>Dewi Santoso</t></is></c><c r="C78" t="inlineStr"><is><t>dewi.santoso@contoso.co.id</t></is></c><c r="D78" t="inlineStr"><is><t>+62-879-6809</t></is></c><c r="E78" t="inlineStr"><is><t>Sales</t></is></c><c r="F78" t="inlineStr"><is><t>Ops</t></is></c><c r="G78" t="inlineStr"><is><t>2023-10-17</t></is></c><c r="H78" t="n"><v>3202570</v></c></row><row r="79"><c r="A79" t="inlineStr"><is><t>E0078</t></is></c><c r="B79" t="inlineStr"><is><t>Citra Putri</t></is></c><c r="C79" t="inlineStr"><is><t>citra.putri@contoso.co.id</t></is></c><c r="D79" t="inlineStr"><is><t>+62-806-9072</t></is></c><c r="E79" t="inlineStr"><is><t>Sales</t></is></c><c r="F79" t="inlineStr"><is><t>Ops</t></is></c><c r="G79" t="inlineStr"><is><t>2022-08-11</t></is></c><c r="H79" t="n"><v>1788590</v></c></row><row r="80"><c r="A80" t="inlineStr"><is><t>E0079</t></is></c><c r="B80" t="inlineStr"><is><t>Hana Putri</t></is></c><c r="C80" t="inlineStr"><is><t>hana.putri@contoso.co.id</t></is></c><c r="D80" t="inlineStr"><is><t>+62-851-2026</t></is></c><c r="E80" t="inlineStr"><is><t>Support</t></is></c><c r="F80" t="inlineStr"><is><t>Finance</t></is></c><c r="G80" t="inlineStr"><is><t>2015-09-06</t></is></c><c r="H80" t="n"><v>2317580</v></c></row><row r="81"><c r="A81" t="inlineStr"><is><t>E0080</t></is></c><c r="B81" t="inlineStr"><is><t>Citra Nur</t></is></c><c r="C81" t="inlineStr"><is><t>citra.nur@contoso.co.id</t></is></c><c r="D81" t="inlineStr"><is><t>+62-885-1331</t></is></c><c r="E81" t="inlineStr"><is><t>Sales</t></is></c><c r="F81" t="inlineStr"><is><t>Product</t></is></c><c r="G81" t="inlineStr"><is><t>2017-12-09</t></is></c><c r="H81" t="n"><v>2695400</v></c></row></sheetData><pageMargins left="0.75" right="0.75" top="1" bottom="1" header="0.5" footer="0.5"/></worksheet>