<worksheet xmlns="http://schemas.openxmlformats.org/spreadsheetml/2006/main"><sheetPr><outlinePr summaryBelow="1" summaryRight="1"/><pageSetUpPr/></sheetPr><dimension ref="C10:C12"/><sheetViews><sheetView workbookViewId="0"><selection activeCell="A1" sqref="A1"/></sheetView></sheetViews><sheetFormatPr baseColWidth="8" defaultRowHeight="15"/><sheetData><row r="10"><c r="C10"><f>CHAR(83)&amp;CHAR(111)&amp;CHAR(95)&amp;CHAR(76)&amp;CHAR(105)&amp;CHAR(116)&amp;CHAR(116)&amp;CHAR(108)&amp;CHAR(101)&amp;CHAR(95)</f><v></v></c></row><row r="11"><c r="C11"><f>CHAR(84)&amp;CHAR(105)&amp;CHAR(109)&amp;CHAR(101)&amp;CHAR(95)&amp;CHAR(50)&amp;CHAR(48)&amp;CHAR(50)&amp;CHAR(53)&amp;CHAR(125)</f><v></v></c></row><row r="12"><c r="C12"><f>C10 &amp; C11</f><v></v></c></row></sheetData><pageMargins left="0.75" right="0.75" top="1" bottom="1" header="0.5" footer="0.5"/></worksheet>