<worksheet xmlns="http://schemas.openxmlformats.org/spreadsheetml/2006/main"><sheetPr><outlinePr summaryBelow="1" summaryRight="1"/><pageSetUpPr/></sheetPr><dimension ref="A1:B3"/><sheetViews><sheetView workbookViewId="0"><selection activeCell="A1" sqref="A1"/></sheetView></sheetViews><sheetFormatPr baseColWidth="8" defaultRowHeight="15"/><sheetData><row r="1"><c r="A1" t="inlineStr"><is><t>PT. Contoso Internal</t></is></c></row><row r="2"><c r="A2" t="inlineStr"><is><t>Generated:</t></is></c><c r="B2" t="inlineStr"><is><t>2025-10-15 22:37:03</t></is></c></row><row r="3"><c r="A3" t="inlineStr"><is><t>Summary</t></is></c><c r="B3" t="inlineStr"><is><t>This workbook contains internal Finance / HR data. Some sheets may be hidden for privacy.</t></is></c></row></sheetData><pageMargins left="0.75" right="0.75" top="1" bottom="1" header="0.5" footer="0.5"/></worksheet>