<worksheet xmlns="http://schemas.openxmlformats.org/spreadsheetml/2006/main"><sheetPr><outlinePr summaryBelow="1" summaryRight="1"/><pageSetUpPr/></sheetPr><dimension ref="A1:H13"/><sheetViews><sheetView workbookViewId="0"><selection activeCell="A1" sqref="A1"/></sheetView></sheetViews><sheetFormatPr baseColWidth="8" defaultRowHeight="15"/><sheetData><row r="1"><c r="A1" t="inlineStr"><is><t>ProjectID</t></is></c><c r="B1" t="inlineStr"><is><t>Name</t></is></c><c r="C1" t="inlineStr"><is><t>Owner</t></is></c><c r="D1" t="inlineStr"><is><t>Start</t></is></c><c r="E1" t="inlineStr"><is><t>End</t></is></c><c r="F1" t="inlineStr"><is><t>Budget</t></is></c><c r="G1" t="inlineStr"><is><t>Status</t></is></c><c r="H1" t="inlineStr"><is><t>Notes</t></is></c></row><row r="2"><c r="A2" t="inlineStr"><is><t>PRJ001</t></is></c><c r="B2" t="inlineStr"><is><t>Project A1</t></is></c><c r="C2" t="inlineStr"><is><t>Rizal Putri</t></is></c><c r="D2" t="inlineStr"><is><t>2023-08-23</t></is></c><c r="E2" t="inlineStr"><is><t>2024-05-09</t></is></c><c r="F2" t="n"><v>42652.49</v></c><c r="G2" t="inlineStr"><is><t>Active</t></is></c><c r="H2" t="inlineStr"><is><t>internal-use-only</t></is></c></row><row r="3"><c r="A3" t="inlineStr"><is><t>PRJ002</t></is></c><c r="B3" t="inlineStr"><is><t>Project A2</t></is></c><c r="C3" t="inlineStr"><is><t>Intan Halim</t></is></c><c r="D3" t="inlineStr"><is><t>2023-07-09</t></is></c><c r="E3" t="inlineStr"><is><t>2024-09-25</t></is></c><c r="F3" t="n"><v>3971.32</v></c><c r="G3" t="inlineStr"><is><t>On Hold</t></is></c></row><row r="4"><c r="A4" t="inlineStr"><is><t>PRJ003</t></is></c><c r="B4" t="inlineStr"><is><t>Project Z3</t></is></c><c r="C4" t="inlineStr"><is><t>Galih Setiawan</t></is></c><c r="D4" t="inlineStr"><is><t>2022-03-07</t></is></c><c r="E4" t="inlineStr"><is><t>2025-12-18</t></is></c><c r="F4" t="n"><v>44351.28</v></c><c r="G4" t="inlineStr"><is><t>On Hold</t></is></c></row><row r="5"><c r="A5" t="inlineStr"><is><t>PRJ004</t></is></c><c r="B5" t="inlineStr"><is><t>Project A4</t></is></c><c r="C5" t="inlineStr"><is><t>Lia Halim</t></is></c><c r="D5" t="inlineStr"><is><t>2021-05-26</t></is></c><c r="E5" t="inlineStr"><is><t>2024-08-11</t></is></c><c r="F5" t="n"><v>4913.48</v></c><c r="G5" t="inlineStr"><is><t>Completed</t></is></c></row><row r="6"><c r="A6" t="inlineStr"><is><t>PRJ005</t></is></c><c r="B6" t="inlineStr"><is><t>Project B5</t></is></c><c r="C6" t="inlineStr"><is><t>Hana Santoso</t></is></c><c r="D6" t="inlineStr"><is><t>2023-09-12</t></is></c><c r="E6" t="inlineStr"><is><t>2024-01-10</t></is></c><c r="F6" t="n"><v>17273.98</v></c><c r="G6" t="inlineStr"><is><t>Completed</t></is></c></row><row r="7"><c r="A7" t="inlineStr"><is><t>PRJ006</t></is></c><c r="B7" t="inlineStr"><is><t>Project X6</t></is></c><c r="C7" t="inlineStr"><is><t>Sari Setiawan</t></is></c><c r="D7" t="inlineStr"><is><t>2021-08-24</t></is></c><c r="E7" t="inlineStr"><is><t>2024-06-22</t></is></c><c r="F7" t="n"><v>20323.39</v></c><c r="G7" t="inlineStr"><is><t>On Hold</t></is></c></row><row r="8"><c r="A8" t="inlineStr"><is><t>PRJ007</t></is></c><c r="B8" t="inlineStr"><is><t>Project A7</t></is></c><c r="C8" t="inlineStr"><is><t>Dewi Santoso</t></is></c><c r="D8" t="inlineStr"><is><t>2022-10-17</t></is></c><c r="E8" t="inlineStr"><is><t>2025-09-27</t></is></c><c r="F8" t="n"><v>36105.89</v></c><c r="G8" t="inlineStr"><is><t>Completed</t></is></c></row><row r="9"><c r="A9" t="inlineStr"><is><t>PRJ008</t></is></c><c r="B9" t="inlineStr"><is><t>Project C8</t></is></c><c r="C9" t="inlineStr"><is><t>Sari Santoso</t></is></c><c r="D9" t="inlineStr"><is><t>2022-06-28</t></is></c><c r="E9" t="inlineStr"><is><t>2024-07-29</t></is></c><c r="F9" t="n"><v>46603.39</v></c><c r="G9" t="inlineStr"><is><t>Completed</t></is></c></row><row r="10"><c r="A10" t="inlineStr"><is><t>PRJ009</t></is></c><c r="B10" t="inlineStr"><is><t>Project X9</t></is></c><c r="C10" t="inlineStr"><is><t>Citra Nur</t></is></c><c r="D10" t="inlineStr"><is><t>2022-04-04</t></is></c><c r="E10" t="inlineStr"><is><t>2024-06-14</t></is></c><c r="F10" t="n"><v>26729.43</v></c><c r="G10" t="inlineStr"><is><t>Completed</t></is></c></row><row r="11"><c r="A11" t="inlineStr"><is><t>PRJ010</t></is></c><c r="B11" t="inlineStr"><is><t>Project A10</t></is></c><c r="C11" t="inlineStr"><is><t>Kevin Ramadhan</t></is></c><c r="D11" t="inlineStr"><is><t>2022-06-06</t></is></c><c r="E11" t="inlineStr"><is><t>2025-03-18</t></is></c><c r="F11" t="n"><v>34982.33</v></c><c r="G11" t="inlineStr"><is><t>Active</t></is></c></row><row r="12"><c r="A12" t="inlineStr"><is><t>PRJ011</t></is></c><c r="B12" t="inlineStr"><is><t>Project Z11</t></is></c><c r="C12" t="inlineStr"><is><t>Sari Putri</t></is></c><c r="D12" t="inlineStr"><is><t>2023-02-04</t></is></c><c r="E12" t="inlineStr"><is><t>2025-11-29</t></is></c><c r="F12" t="n"><v>2024.18</v></c><c r="G12" t="inlineStr"><is><t>Completed</t></is></c></row><row r="13"><c r="A13" t="inlineStr"><is><t>PRJ012</t></is></c><c r="B13" t="inlineStr"><is><t>Project B12</t></is></c><c r="C13" t="inlineStr"><is><t>Sari Ramadhan</t></is></c><c r="D13" t="inlineStr"><is><t>2021-05-26</t></is></c><c r="E13" t="inlineStr"><is><t>2024-02-17</t></is></c><c r="F13" t="n"><v>21617.92</v></c><c r="G13" t="inlineStr"><is><t>Active</t></is></c></row></sheetData><pageMargins left="0.75" right="0.75" top="1" bottom="1" header="0.5" footer="0.5"/></worksheet>